month_1,month_2,month_3,month_4,month_5,next_month
20795,5860,43158,49732,16284,18298.06000046924
11265,21850,42194,26962,49131,52378.815332867554
21023,46090,6685,5769,7433,7540.01045432192
10311,42819,44188,22568,24769,26317.96604006228
33693,11396,32480,46434,30658,33865.89224562035
23942,23431,7747,5189,24118,27104.50126166535
40773,6899,6267,36551,16394,18775.552804376457
8556,8890,46606,35740,19502,22451.016644778152
26777,15627,13792,48323,48021,54195.21684657237
13433,48001,16016,28897,7612,8980.445453683407
28483,22159,49974,45994,19541,23382.43589889442
40920,31531,6585,8943,28939,31952.402521264685
24457,6021,16653,48573,18417,20085.378845749452
45757,14692,11873,10675,5161,6284.40736336004
42065,31557,38763,37606,16534,17970.988825007415
34127,45397,30851,6016,29253,34030.86472877505
29276,28247,29300,13529,22262,25619.183473135214
14268,26271,17185,26243,44099,49259.17814419952
13571,44976,43044,45774,7568,8456.219344041352
7027,7695,10258,27002,44504,48546.922828585135
38159,18986,17666,43660,8561,10118.42500456776
31854,43952,27662,13392,35535,37961.40254815304
18067,28599,40222,16837,19039,22477.263533441022
35818,24115,15965,29538,47530,52105.36329461463
10056,37482,13110,18773,32266,35797.70673324073
22412,38270,11910,30446,5206,4816.998923806712
26518,27361,28419,46523,27403,30866.286263119226
23141,19820,45342,11374,6678,6892.058387161672
38827,21198,14914,32890,27299,30678.128790305098
48585,48689,47557,49020,7693,9219.69346897739
34467,34723,8627,30939,47941,52087.46788641147
26834,23047,31105,15230,20707,21654.170879086007
26976,49262,28776,35080,6306,8468.499916544544
11776,32251,14474,45294,26959,29462.60096597092
10530,34320,8748,36968,37562,41543.048816045644
18545,5663,39766,12994,33021,36808.56452464675
35303,8304,44353,22675,49417,53104.99987010178
28938,28664,6636,25080,32728,36463.466136819894
31736,33673,42505,5854,29548,32601.92653615464
43623,12392,26556,43559,31309,33796.36930229561
26919,9931,37970,49215,17688,18300.264015162273
30342,42157,7327,45772,45545,50705.385547957274
5197,28509,39698,49542,20087,23223.41200819488
27671,30184,32848,47107,25666,28411.190517392806
49357,20708,31370,7811,11546,11266.134658150313
39754,35206,46106,16411,7911,7644.76718282527
6734,23227,13680,24360,23343,25245.17629067595
10759,28078,40153,16111,42504,48319.01974116075
6802,13155,13120,44384,26918,29363.049337901128
25445,35306,21646,36065,30199,32750.3310772018
46976,21371,16835,7049,36616,38604.11520032389
43191,25932,34855,12158,48016,52160.91520988989
12400,47642,20151,6154,9499,9215.963646009171
11295,17183,34299,17874,37711,40478.9201690772
10539,47405,7557,43360,21482,23750.150680158742
7200,7961,26357,16969,7869,8254.735794388824
33643,29736,43467,28328,30876,35663.09445267135
26295,8987,27399,38986,25880,29546.00337270748
9735,49064,9555,46914,45818,49790.916062189666
24830,22429,11893,19373,8436,8362.782158259486
13754,15677,10895,24738,35746,40703.2419356642
37352,44790,46919,10600,34124,39196.44248948348
32643,45764,14007,42410,49080,51793.751756454476
45447,13208,23589,48484,22453,24791.157623971703
41212,48525,37635,38828,23711,25830.221692103274
8420,36216,5301,5699,5190,6358.1201400599375
15492,40743,11102,24778,31641,36747.76812416151
39584,37745,28093,5569,43210,47046.94298067221
39663,41631,12455,9014,16093,15641.601485336088
23070,40777,21538,15729,39177,43673.707700149265
5784,32751,45864,45328,17533,20676.264068604207
45111,44974,10801,24190,43754,47825.64021848023
34592,15647,13716,28355,27009,29004.86251986034
29376,9780,7368,17039,11655,12383.240594622303
45941,9495,15893,30547,27386,30974.805367131237
18403,37097,18121,15966,38621,42028.63905871502
33312,27677,36289,36024,47675,52771.26030034285
9777,34749,20338,7491,32236,35487.40291573995
19599,24508,8051,26606,26699,29293.520387577235
5876,37093,9142,20202,44734,49908.692326752236
12079,12987,44567,33940,42233,45977.72010013581
22019,23077,31258,26136,13311,14211.513439817722
22214,19098,33251,42945,30945,34837.102849999756
30316,37217,13308,10949,6150,5778.074675831348
28944,39699,14204,6081,34305,36855.27980917767
21896,12805,10237,25056,8343,7916.985708656408
18500,34375,14662,21964,13130,15292.010913276556
24531,6679,8506,18284,12253,13373.063031918733
24128,32932,14435,49078,18296,18811.984853920934
35445,18245,34124,34899,48919,54664.70856230907
48225,40247,34222,31211,42220,45886.45783842457
31646,43649,28049,19069,37580,40466.321921163115
36843,7849,45158,28289,49690,54463.32144112306
40257,14823,46975,14540,21364,24979.123609467893
9611,32663,43646,35977,34168,37189.83780350343
30471,27687,5851,23071,11833,13591.638864115586
16938,40195,31144,9000,10052,11784.280020450955
40506,33074,43155,45770,37320,41495.2732980064
43304,8913,22450,29107,25764,29611.471649674262
48404,25491,43494,8373,17161,18169.983995367722
36996,32122,39850,32350,32472,34675.865156949665
33761,30351,28132,20305,14817,15235.733343975005
16261,5417,46576,25358,8267,8949.231584700208
22209,29052,43513,31092,16338,17024.753342159474
5412,12543,45355,38496,28548,31550.340911865333
32384,49425,43756,23888,40735,44885.48841972489
22506,25463,22955,42841,10104,12132.973303186041
39911,28190,12357,37479,49811,55083.24430823605
41208,25150,10644,48286,7914,8289.248144138553
26352,49912,19397,46555,5728,6711.649204432683
5698,44954,18923,21779,12400,12609.80598010206
29466,41939,9360,40270,22101,24272.959311975686
37307,10486,13335,26364,42259,46804.30123359558
28576,36667,16130,26972,45419,50090.21759815013
6167,32192,6062,23540,29244,32583.465094935986
26545,26689,16174,27925,42497,46102.653984287215
14348,28714,43102,13924,42098,47459.83140280952
29394,11801,42614,11731,28625,33309.66894939571
22337,40307,12056,16516,49261,52584.42385514141
6542,26677,44081,32569,28322,29938.60200404575
24065,22924,27556,31962,33295,36667.58300802438
18807,47348,31432,22749,46459,50848.34901944713
31256,45262,42080,6324,30731,35700.51240577279
40909,28803,24870,39578,11588,12966.584323424462
43069,31790,30289,33178,33710,38473.545253725955
20485,49482,25652,9748,26233,26807.176113546404
14435,8709,35355,18116,30470,34331.16948333235
47344,47918,44298,47956,19683,20935.78318074168
5504,38982,39299,33016,28960,31124.457430380346
38591,22312,42797,7105,41395,45286.14197358788
27700,39620,42678,25559,32509,34335.31636026891
32860,16003,26732,30826,35354,39332.18552532185
18843,49472,11190,22640,43413,47945.0149667168
47356,49597,45821,8330,24087,26761.892248187272
46430,29504,12114,18323,39121,43920.13102213291
15975,16023,26447,29933,28959,33369.68204619415
5667,34703,14337,41487,24129,26178.188950912456
45251,36921,38307,32355,42732,47482.55063973648
9835,25159,43810,45080,43088,47689.78820833498
18216,40547,36471,22308,32532,36162.81450632894
39349,10713,9804,15136,5009,5902.497664465984
24255,28793,34548,42892,6015,8207.00334456484
32712,39961,13415,28833,9158,9614.123131510707
25309,11970,11938,26168,25384,26396.664096796318
23017,15344,45034,13702,5384,5224.526231384113
5404,45943,34189,17763,23384,26479.666933535405
37606,14860,43757,20106,28574,31454.72950864718
28524,8636,15916,9809,37201,40453.50065950501
18456,43765,39816,22100,26949,28567.40273159036
9544,42744,47783,31657,41187,45526.98612173054
12239,19489,48125,33538,37049,41398.40627527381
42131,47944,13427,46348,29285,32519.37205509603
42626,47808,27928,24198,24758,26980.469668845057
20254,49238,6252,44764,17173,19036.941284297467
42441,31698,20781,18051,44649,49254.74296655742
11949,47289,13017,11941,30934,34217.09693121766
28386,15209,22715,33920,36703,39188.99504898088
47318,9637,9854,48088,42660,47123.32635061489
44811,24856,26833,24963,41932,45684.60353153381
32169,12941,19388,10569,9300,11270.618606009759
44037,41586,17015,11254,22144,24491.318641750277
29214,45118,20183,11238,11090,13034.479221822894
16637,27415,29071,47679,46240,50562.21861295025
23271,41034,38434,9188,15161,16411.386162388542
33732,16314,28954,26508,26969,31160.151246256333
42545,41668,28061,18716,44749,49660.23518841551
44144,21907,23777,32693,47928,52006.285467594265
31329,21282,28624,28321,15488,17933.774438620476
27574,10240,48221,15478,24262,26154.89526657213
9432,34721,18568,19178,27195,30140.198137811527
5302,22022,5055,13717,33699,38905.57463085941
13150,7125,49247,21748,44577,47603.41761236195
9621,20034,10126,10122,23030,25157.21807823347
22302,24181,43638,6531,45940,50942.271640902036
45441,28333,44650,39674,40854,45704.098334664675
13152,43518,15267,30289,6062,5426.966092639128
34926,11229,9632,44056,8596,7919.809731424983
49243,11168,47563,12561,13258,15674.549351990427
21616,31734,11371,31069,19369,20585.485143196165
17910,12943,17199,20728,28275,30340.21749200269
11738,20913,40240,24123,39529,45032.14967277217
15167,15554,22260,8812,33024,36396.10231473183
32285,31900,6605,10622,11767,13019.938227681574
32139,16613,15589,18918,25119,27451.100554848468
32446,18046,29818,40358,9324,9032.417933256831
15787,14111,43110,21389,46427,51745.396949394395
19043,33746,27350,46605,5117,6038.150521925624
23935,18234,43328,5846,15954,17718.091325339436
18703,27700,37043,11469,35105,38499.176960723744
47101,31386,41976,44051,7048,7460.480350661714
44001,17941,47533,6828,6917,8521.183389547416
25618,37254,44756,25128,5009,5368.606936793905
21644,27422,14865,7219,44809,49225.838961466114
10287,39387,13512,6342,48336,53699.49315488378
24216,32534,19231,37293,31614,34983.360930680385
41258,33253,47078,45752,22988,26929.076057540442
36037,17219,5235,47929,6908,5837.433222526695
13567,41298,10256,24019,13162,14778.107438367264
10415,41159,48925,10951,26852,28831.594219527833
13007,46832,35523,28325,26204,27882.31346524507
20524,24282,28930,5077,45345,49422.43579395566
25611,21984,19060,22449,23520,25926.679408481767
48303,14510,34287,33173,44711,49281.16907592342
16954,12804,11565,10984,26526,27661.293784321508
42438,23574,14184,24096,7192,7370.1161703221815
39016,16246,23381,41455,31727,35180.921551476466
9018,16302,6970,46157,32202,34545.26954921635
36110,22586,29519,36273,26951,28531.316095283488
20374,10788,10408,30053,14446,13634.467692507058
5922,38187,15789,37184,6120,6068.806551624642
49028,37154,22334,7336,43141,46305.47080104919
7243,24029,37265,42380,48872,52775.26711688995
28710,34486,11371,11359,45631,49922.279696720354
40996,25103,19382,23755,40659,44125.071123457106
8756,25609,21478,40442,44666,47966.3621061407
15147,38561,39884,10779,17298,16911.958434766777
19153,48879,15789,49165,17999,20101.211305147644
5814,15541,29938,7443,15457,17755.527213808473
15380,12783,49241,22368,20328,21964.055021005628
31215,38595,32306,24915,44915,49140.72430354573
42219,20343,43727,5126,32632,35898.010515686125
46563,49409,25530,44964,49327,55838.483576612256
8368,8797,18718,39560,16053,16090.592206174231
27116,41244,41185,6645,24256,26267.110274127434
40840,39622,42430,44282,7708,6756.827035867282
16694,14524,36880,44224,41980,46540.318458735564
37409,18224,45738,30150,39393,43188.341606211994
48082,12973,13577,13070,13666,15235.592112936078
41368,11783,46914,9971,18490,20492.122562591077
6990,10299,24956,27359,42148,47353.50825370352
33734,9757,24097,15395,21241,23903.23296456847
43356,32696,9944,24816,42011,47042.6079576601
29917,36195,26566,14916,25806,27321.06531010306
14984,6759,46949,31838,7482,9423.370864975146
29442,38719,32965,7079,7717,7766.337260511002
32952,25908,47460,29861,12311,12877.23045737602
33071,28570,23449,38536,43258,47854.642577353
33865,11645,43000,31737,16485,18435.418263049276
43565,30522,17342,45806,18087,18823.84319776752
42641,39249,15093,21438,45411,49778.82070822611
31399,24846,20708,49039,15998,19086.03531686948
35678,15682,13519,36480,24694,25695.063438465906
8300,11722,44986,29160,25059,29050.119241012726
40822,18575,12970,39911,26591,29008.40154858351
36821,14503,23922,17175,46124,48398.64516656485
26389,5822,22327,11150,9425,9000.768266517094
21032,7198,25079,41220,46874,50597.92246226481
18859,36419,13705,47880,28236,30435.67069921726
27419,24978,42609,20358,39177,42989.98674137467
34378,42334,16382,19596,38572,39725.719870238434
18221,6279,12083,48861,22771,25234.904392477656
34975,24063,7106,29557,25607,27112.609491675117
42599,33529,40954,32856,7573,9720.82257160106
17808,40367,41801,46196,39072,42709.02327925603
28752,22685,46401,16372,13996,16338.44617173273
21458,36889,31665,43243,36653,41428.648979914295
31657,44952,27180,36896,17875,20745.773243466218
6622,45809,21725,45760,20646,22144.193257037517
22029,34402,9263,35987,13646,14431.399842278677
32529,16664,40737,40796,29027,31704.72670071169
34373,41397,25609,40835,43709,48716.13737537893
24250,26172,16555,26874,18081,19378.40473024584
29063,11819,30712,29762,16046,17531.337526409756
36463,33769,28150,7711,9853,11111.89381633945
34077,28863,26792,45483,13942,14431.308073952134
6762,36987,20850,17112,29058,30995.691711670886
43890,5481,37921,45385,6524,7018.13611859601
39888,20048,40111,42904,39008,42882.978814951646
5060,14130,23023,18350,29354,32723.285480001643
33145,39020,25587,46131,14650,16786.886574951557
24933,25581,28393,28051,31212,33234.137179428355
9090,11960,40772,26520,41408,44736.71506805644
33470,25491,6341,49623,29791,31799.347712436906
5338,10895,17254,16344,6750,8837.447401591422
7421,44887,10319,20896,16918,18489.52940979747
30064,32935,42641,34711,9806,10802.72929524502
46360,17182,27297,24541,33921,37370.87436401352
21774,49813,42198,13820,29070,31261.329986282366
9232,16122,20023,13007,22905,26759.769518946036
46786,34398,39268,11737,41062,45579.22665481873
30510,24426,42265,22850,5614,6214.99052977795
26776,29077,14374,40435,35907,38392.44357884944
18409,21514,34866,7983,36705,39213.56750834375
25662,28510,17651,45998,33535,36579.59246839423
11640,49547,20317,12564,32345,34879.50820642817
33687,18737,14323,20229,49481,53361.655654453454
13502,5545,42114,34430,14996,16124.641980428447
32788,34969,18919,8810,35586,38928.171971724114
44974,46773,21371,34629,13436,14921.38542046027
17984,38039,24895,23155,15616,16673.68052862574
42129,44837,29574,8430,17676,18435.99930533997
15816,37733,25144,7050,49460,53433.07911400876
38933,29951,37413,39801,37913,42917.27272922619
45600,30280,29557,40400,9494,9191.642313638258
20152,28895,14155,36883,48194,53376.58229829127
48001,6828,46898,37123,42573,47349.8463297744
5806,45970,34757,39636,19561,21395.824524164334
29262,19899,20934,43197,46844,53296.22905840518
41332,39157,16593,45042,22320,25053.7189930277
32376,48513,19199,20876,13245,16412.40304830465
12214,5726,16362,23297,35448,38341.73599808513
31172,47874,12657,23850,30425,32833.55459010658
31685,29578,33831,12906,12287,14043.237158680016
38660,15222,42443,39701,22764,24778.9343626808
49641,22674,23024,28874,48642,55191.86542489202
37284,22602,42784,28265,30931,34365.80038363094
33841,34192,47520,20585,30559,32570.325780143285
45059,38742,9133,19663,26754,27692.583591455976
8972,10295,46873,34125,45996,50517.36140765674
14903,8020,46755,25420,26452,29008.076870466768
43001,14516,7396,23546,24129,26855.66592330839
6591,16303,35561,11183,31572,35939.89057375591
39080,25695,12314,24623,7139,8932.013303993928
36290,23088,44692,38130,37088,40217.89896766357
31292,25670,8738,7469,27534,28993.58059819558
14017,7808,17713,45329,7719,7256.778864990931
27890,16700,41509,47534,41766,45205.79829467863
31705,23787,31588,31123,38062,41501.46845196099
15177,26727,35220,14882,6136,7054.662138965167
39832,36966,12009,17987,42311,45741.13240310403
36575,6007,10445,15706,49486,54714.99197111332
34257,26736,47207,18281,6435,7440.540145859053
38339,40150,30821,31660,10084,11235.74388259589
21661,18507,12059,23271,12491,12611.477002987305
19859,13073,14077,25953,16383,18489.12672523596
7353,28821,42567,29860,26195,30895.769628766728
16939,30338,26730,26427,40196,44461.49682691291
32083,26510,49064,12813,36598,37304.72489934873
32570,32082,34241,35678,49569,55766.77957204691
16745,31029,18025,41124,19288,20514.052223300616
28650,11540,37232,21422,8342,11441.912690495694
46846,40612,15396,22482,28411,31368.463451365962
18261,8093,16722,27042,49413,52669.59930601418
33087,37347,38756,44214,21335,21403.802510041252
33602,39450,37196,10626,12424,15206.140762675881
17857,49923,24982,16425,6980,8783.904985917274
31431,24440,46752,22175,31385,36749.51888576669
43158,28019,23639,24994,39375,43323.42448557355
26563,44341,10776,41444,8380,9161.47011662032
13711,13782,22434,25017,35707,38894.98120784145
44110,22343,43827,46652,10655,11062.20975874078
49859,20251,5526,8224,16536,17797.170445542186
33541,18547,39531,13712,43565,48138.963332324034
14208,10109,40201,21967,34759,37390.999213087896
25172,41935,31589,35015,34009,35740.610653126016
22773,46125,31143,11154,26804,29644.27663401418
46688,25581,35087,37981,8762,8772.004401306569
14768,48408,44499,43559,13783,11921.862275059932
34781,35811,40488,13905,14127,16092.26739065701
27431,11368,32424,23333,28116,29819.540961882973
48201,20525,28398,37857,15361,17558.889454690736
21369,8041,5105,14078,30003,33641.14810651598
11090,43850,6925,23440,44685,49437.09001152284
31015,38320,30291,41679,31289,36914.7178403565
8389,30683,18629,29826,40198,44079.748150027626
31630,38226,37975,5899,16653,18032.660432501416
32961,21405,13601,38662,38282,42793.87242141692
26288,34545,41877,20313,20349,22328.45263788621
12179,15326,49555,6560,18612,21633.69353739401
22650,31745,36890,25022,9780,9489.194092424477
23311,33380,49662,7356,9790,9516.82555253566
31911,29363,25049,15181,44825,50073.309491326225
21082,5661,42412,7920,30658,32558.9890606614
19025,13946,33706,44004,21309,24048.998606442714
38120,35027,12005,5956,39839,44192.90284621037
13595,17803,30963,41221,44443,48192.81171397234
38723,44063,20282,9703,11563,13086.470160233435
30849,36860,36585,27015,17003,17468.70755421576
48585,31958,31017,16171,17201,17921.2000737363
34426,22778,47229,26116,38297,41889.51226158794
24342,32490,24975,31723,28279,31185.827819072223
17765,16561,46899,5525,27861,30343.461463012143
38142,31916,49965,9648,40133,44579.415963873114
35523,34052,39414,37781,9599,10947.366415048293
40046,40923,46089,8814,40984,46611.76680834815
31616,7113,48006,18760,26927,29524.414652854997
25939,37419,17588,41142,44198,49812.36343118413
49738,38397,21653,15831,10724,12717.125512893894
16083,24816,47240,11276,43663,50323.27728329315
18994,28499,28040,48320,21959,24027.641980097727
11099,47267,24576,40946,11116,11807.241278547011
20563,31788,31928,41336,14847,17589.394222243733
31155,19135,22774,6742,23309,26025.332571741263
5619,22658,39707,25337,21001,24382.759216783903
5968,30892,30619,5281,32420,36378.7987979895
20360,44030,6058,25677,15724,15189.637908600505
33404,42946,44748,34856,14200,15996.321777031184
38997,30611,46235,40057,6239,7174.11589795149
43138,5125,28857,20398,11638,12934.906902463965
11570,8249,14110,45363,18605,20333.256945876616
17115,44062,27911,43525,37556,39719.456472205675
17595,6969,48753,22275,9470,11291.176917238323
15225,47324,46974,47759,28196,31389.368428093498
45287,18669,42380,43006,20577,23736.656697397426
27473,33625,20504,29089,41487,44096.944475724755
5302,36463,49912,34259,47823,53112.434489545274
42208,35659,40840,36890,18598,20223.14066245344
24508,47287,18380,31984,49633,54740.08800992553
13125,41059,9033,42873,22087,24072.54036581911
45901,10704,12848,26592,11924,13660.007927480132
32208,24614,5488,44882,30923,33852.426879008424
40941,34165,6667,31213,9114,8973.485074944312
41321,12761,36116,38768,30426,33555.025418786194
22772,43218,8712,6367,45957,50338.525462864505
46781,31200,8726,28616,32723,35911.90637887112
42574,39958,14108,17178,40643,41519.48852395986
36324,43360,22824,13927,33144,37141.03608356871
36010,27443,19437,49298,44778,48941.136382653225
16207,30537,40757,17040,46986,50336.44642598174
27612,33441,11471,40631,48461,54229.663516848144
31523,36348,6177,9760,37779,42193.26572775293
26636,21353,16556,32598,16563,17891.979803725146
48790,13234,30519,31966,21173,22138.130620479984
31987,18178,44338,29596,38174,42169.43073467937
46974,9431,32764,26627,44310,48864.10608458762
13906,41914,49814,18076,42650,47839.33428299179
11012,12151,33211,32117,41378,45072.06448513951
47652,11894,18467,36010,47641,53600.022134865
17289,49976,48596,28171,39905,43355.24699666423
25829,39054,49139,34734,12052,11911.368215457578
8654,28486,23743,29489,13636,13867.31724452272
11441,29611,47435,17149,39566,43460.18846086439
47368,26675,10495,47668,18673,20474.78549094127
16130,27668,20222,28669,39068,43302.66114075078
28253,14435,33552,42384,21393,23441.925968881562
15617,43520,14852,36401,11295,13401.818516064332
40993,39084,44575,41451,12227,13188.605901537425
36910,41041,28384,5145,42778,45059.52373512859
21035,8040,47422,31160,22633,24775.20331153421
34344,22014,19996,46621,16695,16357.72131223352
7852,21014,32042,38755,45390,50200.390980997705
28711,31122,14160,32213,44420,49919.19299898492
12421,26400,38537,22727,9358,9307.575513717482
33482,37117,28164,36910,37496,42664.156686391856
49311,34371,43467,22625,38893,43625.131244728436
15793,36007,30766,44532,17323,20261.780155415057
12843,19210,21456,36367,15106,16806.163856434632
42957,7472,11704,8713,10051,10063.33482424818
15756,7475,41378,9255,19484,22213.21542781414
39503,13258,45747,40196,45194,49088.79909323166
13533,37581,10249,24201,14686,16272.484506103357
37007,5661,49843,35137,47828,52439.44900719638
15526,8374,30592,33982,5207,6852.395856796897
40433,28197,38400,8083,34328,38491.127005923336
47891,25103,44891,15754,39447,43311.13420168764
20901,38004,12446,42211,34301,35779.49280645985
31116,46323,23752,37376,21669,23200.6725334708
37916,18395,25421,31342,9895,11588.722289484416
16023,15699,14715,24169,21163,23559.41026104659
10782,27641,23792,40585,35682,37746.978065587144
23880,43067,47685,23073,41035,43331.91202753112
42174,29837,22826,29981,15382,17115.709150157458
9437,10435,29819,41875,36982,39623.142832284226
38328,17329,30169,26932,39594,42592.603539162425
16421,12629,13325,33495,36750,41097.607728782656
34619,45461,13264,17686,29226,33350.838780415674
11721,25609,12373,43675,33937,36579.997972963705
10656,13984,34984,13286,10901,11946.339692387826
36552,30709,36055,42685,13429,14697.65333401564
19716,16138,40298,28429,10772,11684.995895303484
40732,44905,22347,21920,36822,40544.798476156306
45108,28563,12967,16871,33763,37895.79892784016
16916,13734,38613,33179,40262,43614.27565327041
17677,23268,17330,25733,42947,45716.422465483935
32286,11610,11430,44922,18828,22400.809933603763
47913,36497,44256,41618,31526,35768.02192449006
35158,30032,42846,49936,34794,37169.762128750604
10448,33861,33141,14074,11406,12682.232008775954
36823,28291,46568,37003,39406,44357.302164586115
28312,48108,6382,39171,46779,52205.94394452604
8292,46779,38187,17411,42285,46975.513309929294
20422,47468,37371,10693,38535,42218.273108408255
19818,36238,35874,31715,32605,37592.803925061955
39317,36174,14956,43908,15837,17641.55887245946
8716,9481,29282,11548,42605,46350.54074067932
12758,48668,28177,29022,45761,51208.1757288456
10542,30476,35784,27740,29817,32894.75864195143
21052,40153,5671,5163,46424,51416.197727253624
49002,9795,15634,9798,27420,30365.14920159121
34300,29345,15749,43595,30121,33629.87557376691
42487,33411,38361,26223,12394,12654.943746600795
19056,33380,31035,35620,24877,25913.59361282999
48404,35911,37784,8191,38160,43410.13272323358
30000,44040,8631,11172,47080,52037.584561789175
28561,29817,25281,33671,30364,34171.24727740858
46674,32425,33602,28253,28472,29559.440779822373
13080,12099,30431,36186,35111,39688.78310871451
44851,27614,31724,46991,9940,10412.514354644232
33758,41224,12788,33082,29034,31131.181833190956
40479,16280,23052,21531,27804,30521.026832368014
33903,49857,15142,14866,9531,9506.119789457476
43098,43278,33138,32065,34956,38449.8683017744
46732,44261,15759,10439,47533,52149.96165298552
33270,18279,44279,49251,28888,32837.195905233886
22630,40144,36182,30538,16824,20019.74450213947
37125,11979,31189,47600,17504,20735.915792841584
25669,11910,39964,25131,30227,30985.185020603887
10978,26991,22153,38548,47676,51508.43317015672
44071,8983,14503,34921,21905,21820.61323617764
28953,31806,27168,9583,43714,46891.85772556497
44896,16889,32413,17275,7461,7557.581789096169
19291,16435,32935,38453,23544,26308.961615226945
17258,35841,15736,42643,48950,53325.066765507465
39964,33044,44933,20997,19215,20644.429929051355
38069,28911,22030,34334,19571,21709.864683199765
47719,33927,25714,48541,28387,29516.39035479219
33444,24921,18057,29858,49638,53763.20684703614
31062,41850,25567,34739,48285,52609.943374182636
8754,32044,6724,6376,13706,14874.198011368657
13894,23037,23450,21406,34725,38274.45399022554
10926,44019,14496,41068,34806,39787.24978973305
27663,46321,41495,27656,30860,34854.3361610811
21832,43787,26727,47815,34545,37230.18997550807
49522,7520,8081,39196,41735,45647.17094054854
44213,19566,19042,30498,16329,17632.46086290788
36656,7159,42900,24363,48241,52550.94748347926
24033,15805,40851,31832,18944,21110.91582582091
24873,45372,28928,20379,41751,44066.320447029095
39546,29286,10110,17087,28762,32518.914388006488
22081,39947,14596,43019,47003,53396.85079071536
23313,6013,28705,6828,12909,13930.059459328184
43356,18109,7023,19537,31661,34537.73557488218
43659,38848,42804,20379,32766,36199.64424720868
48590,7563,41060,34197,8586,10463.98597696021
21087,28225,34750,11643,32523,35451.00628318276
41727,16005,48543,5161,21029,24065.84516610174
19226,33731,48922,49848,8390,9717.494672453242
10997,17693,47092,5541,26817,31860.311444004692
42861,18428,48934,15258,21044,22819.737984837706
34411,10469,33854,11256,15720,15315.999552279167
38937,38598,6651,24194,30051,31623.16087931449
32386,14518,21184,38787,26621,29295.028237400158
15028,17448,39051,35447,23394,26761.282094020753
39501,35254,23509,19472,8471,8665.590859579277
46796,35268,13329,39865,33272,36368.26755012468
47845,11397,37373,40525,29570,33211.84273733158
23284,23994,28284,22833,30122,32168.967399121546
10017,21370,34252,12999,27436,29568.330600805184
47963,7096,30279,48363,31201,33153.37331238975
24715,34309,20078,10105,34312,38921.42809288257
7839,8384,48619,47821,18493,21883.97281179637
22069,12531,42051,12736,12710,12401.585010506942
6619,18975,28252,20261,6431,6931.914501011777
14067,42481,32037,14557,14435,17285.758975064946
42766,5162,39742,24675,13461,15205.795183622238
22015,37591,33047,39782,14833,15827.060767000907
12896,37972,46800,35508,10347,9835.537880389102
35314,7643,45785,23681,43328,48813.74455182287
20892,22073,41768,35682,37262,41348.7152149445
36358,19289,12927,6171,16918,17136.813612258247
46903,44110,16929,7539,41727,47089.591053874996
27669,10432,25644,23745,33228,34950.39643824213
39521,36703,31928,23322,27360,29875.513845832593
34055,47891,21376,11588,30000,32735.385296627872
11304,12345,34300,29259,30470,35135.381328847834
28017,20352,38365,24446,7336,7808.553808119847
14879,37316,38340,12521,11171,12023.457313699275
28481,23474,49629,26008,6633,5933.221655102307
17485,48617,8648,18140,22921,24572.702320941396
19357,8137,5097,16407,35575,38315.20453911936
17722,17924,8750,32733,13535,14123.277633995309
29487,35651,9666,21994,6727,7405.984524891874
39622,15800,42823,48039,23708,23644.62361415741
17819,14369,14283,35573,18171,18477.869754583106
35933,10774,11519,15983,35932,39414.18112639285
35798,23133,19939,5781,32624,36007.65468310393
11823,23489,44961,34118,39881,43635.66720135611
21280,27263,18565,25354,47951,52705.30551021505
30643,28648,46971,23658,26253,28469.18338634475
31390,28128,18489,43314,37658,41405.29539677034
11852,34450,7551,11411,38243,42501.442220262215
26800,15403,12239,11710,26384,29449.533728687664
26038,45846,27447,7285,42991,46601.14158854151
18521,11971,34139,24909,16531,19099.194739582952
19721,24206,42711,11530,16116,17884.708694503322
5258,5282,18937,6898,9135,11280.713956339769
11629,48936,24584,28551,38380,43650.87243126708
22071,25074,30188,7307,44901,47948.37327862676
16205,10906,7591,20149,49918,54050.772461131295
44951,30150,36852,47870,6283,7724.84803997055
38691,6125,6529,31170,13438,13116.907579871055
25095,21154,13004,14752,48360,54616.17696269338
31819,41632,31515,29217,28172,30645.317805187336
37994,20036,16739,37220,14587,16620.73303510902
49517,35129,5645,35930,21299,23312.509337139225
35090,26953,31475,23888,48732,52212.81047221632
21087,14346,5587,17763,46945,52695.04460213198
9079,41116,25215,30817,29765,35492.22303053733
35112,30556,23099,48553,11450,12079.99172364431
18230,34009,10433,38866,44864,49028.041449154756
23710,16439,46855,21021,11416,9908.500456732942
11980,23058,16101,45718,37602,42713.70290345613
14122,17576,32516,27433,6089,7609.665322842004
42346,14127,15487,5155,6958,5920.416137945086
15693,44112,43547,33795,26447,27026.814537953112
41598,46814,30215,14794,38209,40080.668716834734
27424,42396,11370,14528,33276,37248.769125372826
49333,13179,21843,28952,38160,42720.99141961408
49898,34516,15449,26125,12418,12736.466055631212
27746,7454,22761,20223,11701,13370.3600313828
7597,5141,7659,25980,14031,15592.977120991152
20037,43429,11142,17109,27010,29343.730293145785
13787,47864,13472,28383,9249,11144.096826685301
39518,23351,9088,20282,24330,25558.064398771967
47409,26778,29264,10075,15412,18100.739213593897
33365,12230,16002,18947,18686,19826.07844598565
34304,18074,9493,39228,19140,22835.536681967045
36655,48472,11816,16639,34492,36935.893976518535
16240,37698,31957,37808,10827,11558.127921399873
37762,13259,19849,21232,45572,50187.78713754236
29173,10374,26174,28567,40292,44373.51854782249
14277,36600,14885,5778,34165,38072.328500618096
6492,35462,18615,49900,47946,51454.917581753325
12851,21288,12156,7044,12368,13567.487591753366
24900,35600,30634,14168,25961,28695.231706402723
49096,28852,38110,37174,39215,42608.76177597187
31955,11581,49619,11317,47856,53045.65861745943
31649,28132,21789,19567,19868,20508.43008651222
29370,47533,35483,17466,33803,36856.84611094932
23230,22862,48355,36259,38539,41639.71587559633
26909,35795,13770,16093,5193,5388.869070450981
39775,22569,16190,47752,37327,42506.735459921205
47070,25389,45197,7261,33369,38172.3557261574
31512,11716,26259,33933,46689,52628.31646058122
9378,45583,24835,34033,29000,31437.74271991915
15332,47604,7800,34538,35119,39538.518276800205
13333,10410,22839,35519,10808,12001.162126925805
11796,26180,48056,22709,22543,24842.889703503013
42418,34075,42755,42465,35502,38974.83865238084
21724,8828,22087,17605,36337,41729.117857379126
10482,32005,27760,10463,9912,12269.038605556465
9648,38623,40634,49602,8112,9668.096418447098
27054,9492,27207,20114,39285,43043.19903448937
21018,26386,22740,49199,13210,14570.560758254564
49363,17743,47092,49299,11588,13277.366604537736
8311,27432,38755,8321,20812,22371.59108814598
42383,18146,18654,40820,5726,7236.915715964505
8760,27190,6875,28377,9033,9015.054888557095
43211,22373,8744,29995,21977,24566.543687997408
37402,39542,15651,38703,18395,17944.78445020737
34808,41576,21715,49409,29306,31685.98147339787
24086,19376,10889,42822,41636,47877.27713291945
25584,39610,15058,14101,17497,20282.89149439191
9658,16381,45312,45486,22154,25904.868449934525
24539,16777,39396,35373,38154,41302.09233264562
11031,32997,11439,27785,18392,20334.972836800436
33669,33939,7282,39624,29364,33582.39225309431
6998,36705,43244,14428,42437,47313.79493470538
17336,14342,44832,12446,43392,48239.765877358324
12461,39587,15516,18749,22514,26395.981970330064
40426,41268,29950,39888,41788,44926.345034386075
15213,41027,33011,47849,39591,43365.8619605545
22858,23626,18467,44758,8134,7193.314437330647
21743,20434,15233,6141,23019,24225.7939480644
25384,47903,41129,27967,45603,51237.485392178976
16172,21390,8267,44332,31167,33366.35073380788
26312,32840,23990,49179,10906,12732.124254125098
45379,22297,7011,49014,16738,20070.285041968084
33797,16120,13767,27852,18703,20395.361825008065
5929,16951,31039,34504,22438,25201.663439799817
10744,23284,47417,44748,12069,14019.21212954292
47359,24799,38210,33226,9652,9395.704936933435
29323,47138,12597,42226,11591,12133.647654698952
30833,16826,31417,23693,19138,20048.1387883282
7169,23556,27052,11313,13315,14109.776889916973
13036,36778,32734,28173,35403,39659.410698081105
5785,11139,11344,23800,30372,32814.00326905771
25538,19973,10619,39704,41575,45697.34677306819
44919,47261,32716,8236,20848,21890.338383068767
7352,6932,15913,13556,26300,30156.422164533706
10498,15582,14569,9857,5340,5328.890009776664
48949,21766,31132,13491,5138,7174.780551909955
5358,14714,24840,39395,35654,39280.32909384936
30879,20996,42772,31762,18283,18704.300422036922
44420,24554,25219,39919,14429,15700.873253454378
49695,44673,24218,17452,23951,25283.323172533837
6307,19852,30232,40428,48171,53577.44937737816
31485,15238,43975,6140,29842,32564.83721767314
31421,6708,8630,24595,15485,17196.710255027356
33308,49789,31086,21859,12684,13583.046889953439
30552,6207,6960,5557,34689,37602.557696136675
18893,37272,5882,42529,43635,47024.87799038438
34535,17869,12166,17982,45697,51102.92293682153
43115,12269,33064,18527,7454,8026.246898200304
25878,17991,7808,44410,41593,45437.60910630162
41304,35386,8802,33753,26083,28493.08610155784
23354,27190,11142,33398,46862,50869.33820651423
38132,24503,39631,21499,44852,49025.84857322398
13016,7384,20072,41703,19482,21635.829814693487
45510,26826,7490,30518,29045,30915.363000943238
31910,29566,38905,32103,41188,44417.44800692079
10845,26162,41674,24337,27313,31422.584093622678
31943,17413,5276,22611,44105,48152.74346720045
16944,20906,25536,32810,17306,18485.039191075994
15503,24225,41976,16590,15886,16130.728394440726
17866,6088,8363,37792,14764,17091.07763747424
25620,47727,17935,13068,12295,12468.574186489159
46160,16390,46216,25131,34218,37624.507339038544
15433,20038,33182,16528,26281,27200.91493068341
13605,39782,6381,6098,24810,28109.172800364122
29322,46869,37955,49716,15207,17904.556243618583
26793,7092,33220,23514,43010,47795.52034547802
13549,27031,10185,20271,10776,10319.119868594704
17449,29297,45591,20717,45123,50474.062143909236
44233,15350,35622,40323,7951,7918.751000359648
22622,9727,43454,41469,40548,43431.82812127839
28782,33454,7368,20592,27173,29506.83895424235
38204,40596,39324,28864,35750,38921.63232665351
15576,21566,12190,28071,43333,47161.251348819715
20369,29035,6589,30235,5159,6948.574247904695
17145,20373,36921,44323,21237,25372.525996442626
46971,13244,19743,36566,23691,24690.963462650536
38996,10590,10585,14227,33278,35916.96760567541
43814,17237,20649,42713,12927,14362.448336044958
12016,19027,29142,28545,36897,40197.983509062775
8167,49757,31917,27736,32990,36688.398749278516
19087,27440,40205,20275,10276,12219.585355945796
46627,45586,42496,24008,10738,12561.165942270043
37402,10793,42291,10571,36331,40573.83356784984
21209,30394,48148,30682,7224,9605.495520919723
46157,49452,48408,37441,46430,49484.0527170839
44129,39716,49859,31586,49760,56216.108791954626
28478,11318,33694,25180,17180,18485.008365910257
38002,20372,34796,29427,38290,42904.125220675625
33099,14821,10832,17820,21211,22302.43377172056
44890,10842,6316,22508,27005,28797.003608106726
20206,23971,30599,27056,6378,7677.917291482027
6519,27161,45703,43861,10355,9461.769977250156
14083,43342,25456,18324,7257,8972.142078288314
32364,29972,31654,20233,20887,24235.663502341587
34320,25808,35154,39773,32747,36199.484853828966
15860,47838,47156,23156,25360,28037.761035578562
23135,30351,35499,28554,24604,26230.76385509155
21923,13547,49283,38002,19562,22192.64940240367
12480,31672,9213,15293,39441,43732.765246407434
7100,49617,33172,25132,23199,24597.39460397618
41609,47965,13016,44779,42261,46095.62004991181
36881,22058,29472,46346,39926,43759.2645753042
39832,41021,29087,17828,36128,39347.997803480815
6401,24643,20193,31853,49864,53487.488586650026
25307,41982,24611,48791,16950,19344.020308583895
15704,48111,16867,7745,8866,9509.089544098106
37245,49724,10818,35116,20493,22557.664775893314
33038,25447,35431,22908,34336,37191.33341260258
45992,9025,25093,11155,38487,42810.97147397199
25963,25936,9426,28303,32606,36065.29618438141
33151,18767,16308,49245,29770,33959.78438913042
33572,46448,7204,32233,26729,29882.498712938985
36131,38870,43011,44382,46475,50919.815598162895
26607,29968,38398,16908,31423,33825.583182497445
48615,14171,17721,21616,47512,53129.15268391665
43458,12659,48369,16704,37793,41289.72390121355
36226,28852,37082,27794,46420,50890.28243340379
18379,12006,13682,38840,37430,41001.028393707325
28091,37983,28989,14915,47552,51905.59228934287
23990,29734,19824,41081,16033,17481.761005770135
47736,21241,10939,40063,39464,45336.60756273258
16185,32045,49769,24167,41412,44505.377945872315
26625,44188,32076,49605,24029,25617.39578923839
27973,44121,36433,48309,6932,9009.524418154251
49254,6757,35722,42853,43405,47370.695615504934
6116,48527,16691,5492,32882,35719.57871592511
13811,32808,29272,33399,11474,13656.263856773436
31956,47506,18979,49523,47565,50901.304382718256
33328,17867,30851,36279,35527,39901.15442925341
12866,20449,15685,28544,10451,11541.716429321545
26642,46316,44954,43870,36030,40097.80213083198
35873,5619,38650,30372,8642,9952.230955252126
33001,39064,34290,19122,29820,32174.017413517362
7895,10366,13711,24596,23793,27223.48378014991
13199,15717,41191,15211,28360,30645.862288521934
26542,36312,41435,33247,27357,30501.549018998743
46045,32691,17424,23852,27601,31598.824485529138
23020,13155,8583,20515,41777,47333.60169984648
24710,48178,29532,23601,9967,10696.573664059308
23753,25022,48463,14135,10722,12257.335274241012
32413,32236,20514,48896,42212,46073.71120979638
45386,25331,23060,6196,17297,21530.496227268774
7787,28816,45695,24702,30242,34046.32600587382
7176,25127,46560,32228,25208,27812.858435836937
33482,14171,40219,38396,47589,52660.462173457745
45546,8696,25058,25313,24149,26971.00541544607
46075,9956,15195,22076,6105,7152.243540783483
20417,29729,35099,37598,34961,38217.10178235345
17602,14256,25584,39681,30792,33476.87270076483
26904,48361,39540,31536,24164,26428.546638273507
17996,7871,27626,15521,48410,52111.3082949528
6132,38467,19534,28854,47998,53516.07440697446
44065,12812,9557,7179,48798,52876.09495735103
14065,13275,40948,25700,44464,47850.449921015286
47351,32794,33783,21998,18869,20741.545533435852
49525,33152,25954,36555,21654,23689.277370310116
40236,20042,30966,49314,19270,21446.63447578899
35908,20523,24991,15775,17265,18423.294630603592
24459,21673,32056,11614,41020,44729.45744176903
12415,28155,48884,21964,42726,47690.7195050885
42044,42544,37252,8832,30275,33933.71720049519
19901,43213,39148,47633,27918,31299.32504617668
24540,16580,43402,43578,29917,32942.667612351484
27318,15179,17251,24493,25466,28181.522623332276
35206,24624,31564,27412,32990,36519.4388877105
40517,18156,28064,30711,35106,37960.55826019103
21589,28736,25975,41218,12214,14909.446600146102
35581,25195,49582,32127,10141,12486.6880324877
33884,29885,7708,23375,20088,22891.04559100097
49602,15014,8273,42306,35881,39043.23841359841
36486,17541,13712,14168,8551,9945.244117950151
17297,48733,32128,7832,33483,37809.66993776977
27063,27963,18422,37920,16156,16548.40309827886
16108,36845,7800,43078,47712,54177.711761698505
7610,17067,38872,15728,34566,36283.21238884421
34783,25583,25238,12263,6914,8310.005819709077
28749,24456,30582,5406,18689,22011.18230625247
37934,38276,41432,24873,18050,19741.93653597297
5680,23908,23504,26644,42125,46187.03560017693
6363,47291,40060,6538,41176,45961.26079264693
46520,30675,23287,5174,31732,36757.08189193388
39998,42055,17112,44874,14689,15876.832362058636
49814,24555,38919,12619,11033,11355.344808134056
46328,9946,29618,39675,41258,44960.024544392014
23919,9173,48833,31400,9769,9193.386007713782
42564,19211,28255,32962,24356,27689.35789871516
25306,9997,22376,45880,43055,46846.41694728615
15578,23624,44194,49367,5389,5719.560845934445
38767,6855,45893,18794,40531,45493.72113141901
9986,37298,6481,8731,21835,23641.589675590156
32798,31113,24477,22266,25792,29130.290395388398
25452,48526,46334,16889,29335,31230.41149618372
16254,26074,16442,42327,21199,24277.619428324
12291,45928,5112,26515,24581,27381.00502126547
31500,37026,21523,6424,24552,26918.620969180334
15808,43811,11989,28620,44029,48562.793487943796
5887,36802,24488,35013,21402,22255.438705347264
26205,31049,17253,23990,12846,14238.60074394697
30027,44200,8765,20950,14741,16073.430214643398
27742,29703,43709,42623,27931,29464.667389562437
28580,20166,34240,30991,43556,47240.52457309346
37969,15561,21901,45505,35020,38392.75474204748
30917,6988,49505,19256,27192,29303.90781505216
33230,44930,27625,37088,19114,18613.286094949584
46167,43401,10755,15825,27693,31538.68753960887
9117,29729,37182,33890,34340,37631.91012491033
6518,35949,27547,21346,7600,6086.049790763454
34267,41322,31990,21193,35109,40754.8629396794
24233,21194,39510,6306,8849,10975.29233131319
17360,34231,41963,23689,34084,37143.41794893167
45387,14280,7642,47137,19296,20383.102508633303
20438,42525,7994,39039,6813,7897.491210760522
32491,23845,46243,42164,47051,51958.426814884144
18318,22200,5082,6920,45585,50685.589924800384
16683,16336,20596,7093,17905,18855.87972674495
29351,35981,13367,10285,48664,54628.17202097164
42705,21753,23485,17977,24874,26887.937876824453
12674,34038,34315,8676,7426,8849.365748655568
29473,7962,34943,5859,49816,54000.66073954298
9138,40192,30640,15409,9017,12566.843985753487
15451,33327,15278,29944,48764,54335.92334896526
6134,35131,42887,43462,27520,33156.23227657365
26869,41932,10039,26281,15442,17813.801976326045
13252,32586,22568,25810,6551,6644.635643131316
17625,39397,31249,6361,31149,35093.2807935892
9370,10283,12610,48326,19924,22816.977818193216
49717,15626,39761,5869,36552,40580.524144497766
6014,15103,21986,49781,35471,39648.49247203206
38458,30069,21873,28248,28624,32248.127129407676
48516,34061,29170,13024,21678,22852.118989234263
43256,25411,48803,24296,31293,33357.44159527005
32172,26128,23257,17855,24642,26311.983001385568
40585,25025,9458,10307,46701,51498.642394370516
23425,48427,33273,43506,10668,11511.62882852658
30934,12697,29417,21446,45597,49181.129434077055
15751,12352,18516,28299,36957,41428.01421051965
33927,46094,41412,34493,31711,35165.144820136484
13003,36707,8278,12296,30398,33606.72899137086
40842,18261,16173,35449,46080,50430.01069482607
6637,36781,18652,10103,30500,33171.771897634426
39800,40529,23452,36174,40436,43638.26883819103
20954,22186,17356,37963,7187,8839.440292537338
16707,40098,31935,26225,8606,8763.107118346814
37828,31489,19387,8927,11296,12634.990466692818
35444,7591,49895,31147,43889,49939.91039627203
6200,20721,24238,16087,35816,39065.34225531066
28408,44740,5136,22413,23978,27336.502140719196
5661,40240,32253,31884,37854,42208.109016035676
15704,43987,29527,21322,11968,13476.267563261055
32518,32886,6700,33246,40468,44945.148441904756
28199,49589,37115,10520,49278,54110.89343072907
41455,25929,46605,19955,49049,53988.67596879344
18917,9757,18045,46680,9733,10158.186051774277
35954,36135,12081,46458,28501,31392.55712113409
26113,39441,29690,48939,34345,37194.2740042165
49571,31829,40062,8630,36870,41562.655093076595
49942,8453,42275,48370,43396,46036.102571321564
13328,20534,24744,24389,41320,45933.05329112549
40010,19665,42865,13640,39716,44024.18670142229
30521,35049,10618,42004,6920,7858.015964176035
48937,9188,17207,5238,37972,42793.698948865494
15799,10552,33916,9927,32964,35974.276409957056
16164,42158,24071,11160,20810,23146.433844572053
10126,35009,38584,30396,5192,3994.6581118135477
41413,17816,44082,37130,45142,49240.88311786478
41468,35698,15655,35075,14359,16650.636431175226
41661,44579,47056,38272,47581,50999.938264463526
19671,32048,15738,30963,48954,54009.14336705075
11773,41584,34894,5717,16676,17666.082928116204
9434,42825,34100,9994,9234,10046.413028228266
8764,48949,42405,39872,47215,51318.82251123841
28185,48442,46153,16999,41487,44388.50439570657
7581,7763,32374,43759,15531,17470.103314959804
30307,35835,16064,16312,42548,46753.203237975256
41945,11476,29565,7382,27463,30821.929119687204
38402,31345,49764,31946,19162,21872.637907998862
13397,27335,19394,32197,27010,30936.258737089018
29123,27387,7890,32769,48626,53622.08674544267
13026,8306,38665,14277,47239,53231.52102460321
19683,5670,28675,22889,49535,53512.72549260905
18006,31531,26639,21633,39660,44534.95982922813
8439,37172,40622,16577,16763,18898.690416327856
25176,49386,29255,46003,24996,27728.69265251479
40386,26062,40931,40710,39693,44107.03223416312
40740,16705,48408,33047,15966,16601.86112166454
22374,16138,20935,5489,49516,53270.85319007498
27260,31069,24275,41284,44178,50305.628186077
37821,21999,43712,45172,38722,42425.477821802735
15625,6629,15973,11859,46609,51086.9065781933
48307,41046,26839,32216,23945,25237.190525758713
11539,38625,9886,12485,36455,38618.72169450316
21767,33453,15744,42102,17226,18860.28112118772
32869,27588,18440,36709,27495,29902.912078491277
42019,49948,5922,32526,12957,14254.434356742451
38998,48395,29031,15006,42701,47058.25394038218
30939,25324,27867,5203,21544,26187.861081260697
20899,34063,30344,8748,44486,48596.02001926105
6093,20228,25884,30183,21034,24717.340107943448
10710,47500,24259,40959,38457,43944.72421504495
25143,7103,5365,49535,21103,23966.924285271987
37510,29476,17742,17391,41940,45898.8736674509
33901,37001,20623,7378,26372,27647.72766386727
49799,43437,40503,35746,32923,36693.24387733391
14867,46258,38724,14306,44391,49848.91207970095
19908,32081,42228,28386,33302,38379.88746428299
24212,40618,15698,9594,30525,32627.542045753216
19282,19334,34179,11644,40618,44436.27361081474
37933,48469,38687,46073,22375,23668.635409577157
35926,41607,22642,28993,49386,53691.122007563084
26188,37596,32772,35857,15776,18017.987534235628
37835,14788,10660,9478,13210,13851.695230634266
15922,41289,38340,44850,43163,46655.028822682994
23642,16094,27423,38418,10741,12612.095863722276
11838,8262,9996,49594,27164,30331.138790043547
40595,35257,19211,35453,10232,11605.211197935176
7217,29229,19232,30613,19026,20275.712641800936
33554,35908,24610,44605,12031,14527.123278214702
30515,41484,41182,5570,37254,40993.89019731979
24288,18288,34877,23889,5917,8888.89013875477
15066,34504,11982,44104,23062,25529.366169470046
21999,14941,28470,26133,49435,52045.15215815285
9529,22519,17192,13566,12226,11070.724465223131
42930,26259,39087,6141,9627,11213.64994184547
7690,45091,8255,10213,41876,47364.094152330814
24404,30380,30520,24173,28989,31104.071870076154
47570,29519,27439,16413,19995,24095.47877277715
28559,28513,10021,37464,26119,30393.898936994105
34299,44350,30517,18117,27250,30185.54676344115
23950,22359,28596,30530,6262,7427.653942356133
45150,27615,8327,34768,33850,38129.530217388514
47788,21848,44542,20160,38998,44787.79489732052
32230,14076,8805,36085,19715,22368.63596674558
10750,18232,40903,11953,37093,40990.231652271155
30500,27418,39314,27449,22478,25398.101197586653
40179,30338,31899,9145,37101,41348.46028144923
7775,36647,24539,41738,31616,35702.010187275
19119,30159,42099,15295,39710,42110.97670692046
29685,30479,38629,47043,22033,24552.15344994746
41902,49571,20408,22420,21351,23946.54050757974
9131,49825,16349,49254,43225,47474.65283294784
43847,17453,23814,23263,17158,19657.966444217564
20735,20830,49673,28926,39779,45678.06762056904
8373,15335,28741,15692,39057,43100.91713110445
6447,24583,27765,28906,24567,27715.421080707692
19139,43230,24520,24702,30566,35228.86476045156
12657,42688,35134,15345,46185,50965.06450594186
32413,10208,38455,33018,13080,13499.536797641193
26902,14486,43862,26158,45460,50621.77884908793
48856,40871,40208,25519,36379,37815.233863201924
33378,44892,19031,19536,5446,3692.2329620373202
41683,22618,11587,36480,37994,42126.41204711626
25527,28569,16151,10558,49739,52367.92961691813
37954,48837,40303,39700,32500,34434.83225757181
7032,6252,10509,42842,18900,20409.90143648968
19523,6881,38037,6630,25789,27646.483650254115
27523,22958,48852,6695,19821,21655.293496452883
8262,6445,21436,14949,28963,32972.1701407685
34932,11901,38487,13597,11855,13278.980811363932
23678,13263,30805,31143,16874,17722.07959822054
32529,25866,19079,12243,34872,39713.64107278428
14018,17100,24800,31910,34437,36451.84276345581
42588,16001,24942,25862,16669,18557.7835087721
20916,15878,7985,37369,13112,12883.114024988296
46235,23931,32340,5336,47933,52978.61790573054
